{
  "anti-hiv i/ii": "HIV Antibody (anti-HIV-1 and anti-HIV-2)",
  "hiv-1/hiv-2 plus 0": "HIV Antibody (anti-HIV-1 and anti-HIV-2)",
  "hiv-1/hiv-2 plus 0 antibody (hiv ab)": "HIV Antibody (anti-HIV-1 and anti-HIV-2)",
  "hiv-1/hiv-2 plus o": "HIV Antibody (anti-HIV-1 and anti-HIV-2)",
  "hiv-1/hiv-2 plus o - automated": "HIV Antibody (anti-HIV-1 and anti-HIV-2)",
  "anti hiv 1 and 2": "HIV Antibody (anti-HIV-1 and anti-HIV-2)",
  "hiv i/ii": "HIV Antibody (anti-HIV-1 and anti-HIV-2)",
  "hiv 1&2 ab plus o": "HIV Antibody (anti-HIV-1 and anti-HIV-2)",
  "hiv 1&2 ab": "HIV Antibody (anti-HIV-1 and anti-HIV-2)",
  "hiv 1/0/2 ab": "HIV Antibody (anti-HIV-1 and anti-HIV-2)",
  "hiv 1/2 o ab": "HIV Antibody (anti-HIV-1 and anti-HIV-2)",
  "hiv 1/2 plus o ab": "HIV Antibody (anti-HIV-1 and anti-HIV-2)",
  "hiv 1-2 plus o ab": "HIV Antibody (anti-HIV-1 and anti-HIV-2)",
  "hiv 1&2 plus o ab": "HIV Antibody (anti-HIV-1 and anti-HIV-2)",
  "hiv-1/hiv-2 plus 0 antibody": "HIV Antibody (anti-HIV-1 and anti-HIV-2)",
  "hiv-1/hiv-2 plus o antibody": "HIV Antibody (anti-HIV-1 and anti-HIV-2)",
  "ab hiv 1&2": "HIV Antibody (anti-HIV-1 and anti-HIV-2)",
  "HIV-1 (RNA): Singlet Result": "HIV Antibody (anti-HIV-1 and anti-HIV-2)",
  "HIV-1 (RNA)": "HIV Antibody (anti-HIV-1 and anti-HIV-2)",
  "Human Immunodeficiency Virus Type 1: Singlet Result": "HIV Antibody (anti-HIV-1 and anti-HIV-2)",
  "Human Immunodeficiency Virus Type 1": "HIV Antibody (anti-HIV-1 and anti-HIV-2)",
  "Human Immunodeficiency Virus Types 1&2 (HIV)": "HIV Antibody (anti-HIV-1 and anti-HIV-2)",
  "Human Immunodeficiency Virus Types 1&2": "HIV Antibody (anti-HIV-1 and anti-HIV-2)",
  "BioRad GS HIV-1/HIV-2 Plus O": "HIV Antibody (anti-HIV-1 and anti-HIV-2)",
  "genetic systems anti-hiv-1/2 plus o eia": "HIV Antibody (anti-HIV-1 and anti-HIV-2)",

  "hiv nat": "HIV by a NAT method",
  "hiv-1 nat": "HIV by a NAT method",
  "nat hiv": "HIV by a NAT method",
  "hiv-l(m & o), hiv-2 nat": "HIV by a NAT method",
  "HIV-1(M & O), HIV-2 NAT": "HIV by a NAT method",
  "ultrio elite hiv-1/2": "HIV by a NAT method",
  "HIV-1 Group M & O, HIV-2  RNA (PCR) NAT Detection": "HIV by a NAT method",

  "hiv ag/ab combo": "HIV Antibody/Antigen Combo",
  "HIV Ag/Ab": "HIV Antibody/Antigen Combo",
  "hiv ag/ab combo, cmia method": "HIV Antibody/Antigen Combo",
  "hiv ag/ab combo (alinity)": "HIV Antibody/Antigen Combo",
  "hiv antibody/antigen": "HIV Antibody/Antigen Combo",

  "hbsag": "Hepatitis B Surface Antigen (HBsAg)",
  "ag hepat b surf": "Hepatitis B Surface Antigen (HBsAg)",
  "hbsag#": "Hepatitis B Surface Antigen (HBsAg)",
  "hbsag (alinity)": "Hepatitis B Surface Antigen (HBsAg)",
  "hbsag, cmia method": "Hepatitis B Surface Antigen (HBsAg)",
  "hepatitis bs ag": "Hepatitis B Surface Antigen (HBsAg)",
  "hepatitis b surface ag": "Hepatitis B Surface Antigen (HBsAg)",
  "hepatitis b surface ag - automated": "Hepatitis B Surface Antigen (HBsAg)",
  "hepatitis b surface antigen": "Hepatitis B Surface Antigen (HBsAg)",
  "hepatitis b surface antigen (hbsag)": "Hepatitis B Surface Antigen (HBsAg)",
  "Antibody to Hepatitis B Surface Antigen (HBS)": "Hepatitis B Surface Antigen (HBsAg)",
  "Hepatitis B Surface Antigen (HBS)": "Hepatitis B Surface Antigen (HBsAg)",
  "Bio-Rad GS HBsAg EIA 3.0": "Hepatitis B Surface Antigen (HBsAg)",
  "genetic systems hbsag eia": "Hepatitis B Surface Antigen (HBsAg)",
  "hepatitis b sag confirmatory assay": "Hepatitis B Surface Antigen (HBsAg)",

  "anti-hbc": "Hepatitis B Core Antibody - Total (HBcAb)",
  "hepatitis b core total ab": "Hepatitis B Core Antibody - Total (HBcAb)",
  "hepatitis b core total ab - automated": "Hepatitis B Core Antibody - Total (HBcAb)",
  "hepatitis bc ab (total)": "Hepatitis B Core Antibody - Total (HBcAb)",
  "hbc total": "Hepatitis B Core Antibody - Total (HBcAb)",
  "anti-hbc total": "Hepatitis B Core Antibody - Total (HBcAb)",
  "anti-hbcab total": "Hepatitis B Core Antibody - Total (HBcAb)",
  "anti hbc": "Hepatitis B Core Antibody - Total (HBcAb)",
  "anti-hbc total, cmia method": "Hepatitis B Core Antibody - Total (HBcAb)",
  "hepatitis b core total ab (igg/igm)": "Hepatitis B Core Antibody - Total (HBcAb)",
  "hepatitis b total core antibody": "Hepatitis B Core Antibody - Total (HBcAb)",
  "hepatitis b total core antibody (hbcab)": "Hepatitis B Core Antibody - Total (HBcAb)",
  "anti-hbc ab total (alinity)": "Hepatitis B Core Antibody - Total (HBcAb)",
  "hbc total ab": "Hepatitis B Core Antibody - Total (HBcAb)",
  "hepatitis bc ab": "Hepatitis B Core Antibody - Total (HBcAb)",
  "ortho anti-hbc eia": "Hepatitis B Core Antibody - Total (HBcAb)",

  "Hepatitis B virus Core Antigen (HBC)": "Hepatitis B Core Antigen - (HBcAg)",
  "Ortho HBc": "Hepatitis B Core Antigen - (HBcAg)",

  "hbv nat": "Hepatitis B - NAT",
  "hepatitis b nat": "Hepatitis B - NAT",
  "hepatitis b virus nat": "Hepatitis B - NAT",
  "nat hbv": "Hepatitis B - NAT",
  "hbv dna nat": "Hepatitis B - NAT",
  "ultrio elite hbv": "Hepatitis B - NAT",
  "hepatitis b virus dna test": "Hepatitis B - NAT",
  "hbv nat tma": "Hepatitis B - NAT",
  "hepatitis b nat tma": "Hepatitis B - NAT",
  "hbv dna pcr": "Hepatitis B - NAT",
  "HBV (DNA): Singlet Result": "Hepatitis B - NAT",
  "HBV (DNA)": "Hepatitis B - NAT",
  "HBV DNA": "Hepatitis B - NAT",
  "Hepatitis B Virus: Singlet Result": "Hepatitis B - NAT",
  "Hepatitis B Virus": "Hepatitis B - NAT",
  "HBV DNA (PCR) NAT Detection": "Hepatitis B - NAT",
  
  "hcv ab": "Hepatitis C Antibody (anti-HCV)",
  "anti-hcv": "Hepatitis C Antibody (anti-HCV)",
  "anti hcv": "Hepatitis C Antibody (anti-HCV)",
  "anti-hcv (alinity)": "Hepatitis C Antibody (anti-HCV)",
  "ab hepatitis c": "Hepatitis C Antibody (anti-HCV)",
  "hcv#": "Hepatitis C Antibody (anti-HCV)",
  "hcv": "Hepatitis C Antibody (anti-HCV)",
  "anti-hcv, cmia method": "Hepatitis C Antibody (anti-HCV)",
  "hepatitis c virus ab": "Hepatitis C Antibody (anti-HCV)",
  "Hepatitis c antibody (hcv ab)": "Hepatitis C Antibody (anti-HCV)",
  "hcv antibody": "Hepatitis C Antibody (anti-HCV)",
  "hepatitis c antibody": "Hepatitis C Antibody (anti-HCV)",
  "hepatitis c ab": "Hepatitis C Antibody (anti-HCV)",
  "anti-hepatitis c virus ab": "Hepatitis C Antibody (anti-HCV)",
  "hepatitis c antibody (anti-hcv)": "Hepatitis C Antibody (anti-HCV)",
  "hepatitis c virus ab - automated": "Hepatitis C Antibody (anti-HCV)",
  "hepatitis c virus antibody": "Hepatitis C Antibody (anti-HCV)",
  "HCV (RNA): Singlet Result": "Hepatitis C Antibody (anti-HCV)",
  "HCV (RNA)": "Hepatitis C Antibody (anti-HCV)",
  "HCV RNA": "Hepatitis C Antibody (anti-HCV)",
  "Hepatitis C Virus: Singlet Result": "Hepatitis C Antibody (anti-HCV)",
  "Hepatitis C Virus": "Hepatitis C Antibody (anti-HCV)",
  "Hepatitis C Virus Antigen (HCV)": "Hepatitis C Antibody (anti-HCV)",
  "ORTHO HCV Version 3.0": "Hepatitis C Antibody (anti-HCV)",
  "ortho anti-hcv eia": "Hepatitis C Antibody (anti-HCV)",

  "hcv nat": "Hepatitis C - NAT",
  "hepatitis c nat": "Hepatitis C - NAT",
  "nat hcv": "Hepatitis C - NAT",
  "hcv nucleic acid test": "Hepatitis C - NAT",
  "hepatitis c nucleic acid test": "Hepatitis C - NAT",
  "hcv rna nat": "Hepatitis C - NAT",
  "hepatitis c rna nat": "Hepatitis C - NAT",
  "hcv rna test": "Hepatitis C - NAT",
  "hepatitis c rna test": "Hepatitis C - NAT",
  "ultrio elite hcv": "Hepatitis C - NAT",
  "HCV RNA (PCR) NAT Detection": "Hepatitis C - NAT",

  "treponemal test": "Syphilis",
  "rpr": "Syphilis",
  "vdrl": "Syphilis",
  "tppa": "Syphilis",
  "rpr (asi evolution)": "Syphilis",
  "syphilis screening - nontreponemal": "Syphilis",
  "syphilis screening – nontreponemal (automated)": "Syphilis",
  "syphilis screening - nontreponemal (automated)": "Syphilis",
  "rpr (syphilis)": "Syphilis",
  "rpr/vdrl": "Syphilis",
  "syphilis(t pallidum igg)": "Syphilis",
  "SYphilis": "Syphilis",
  "asi rpr": "Syphilis",
  "rpr card test for syphilis": "Syphilis",
  "rpr#": "Syphilis",
  "captia syphilis test": "Syphilis",
  "PK TP Syphilis (STS)": "Syphilis",
  "PK TP Syphilis": "Syphilis",
  "Rapid Plasma Reagin (RPR) Card Test (Syphilis)": "Syphilis",
  "donor syphilis(t pallidum igg)": "Syphilis",
  "syphilis screening â€“ nontreponemal (automated)": "Syphilis",
  "syphilis treponemal antibody test (mha-tp)": "Syphilis",
  "syphilis treponemal antibody test (mha -tp)": "Syphilis",
  "captia": "Syphilis",
  "Sypilis (rpr)": "Syphilis",
  
  "captia syphilis igg": "Captia IgG",
  "captia igg": "Captia IgG",
  "captia-igg eia": "Captia IgG",
  "captia-g confirmatory": "Captia IgG",
  "captia syphilis g eia": "Captia IgG",

  "captia syphilis igm": "Captia IgM",
  "captia igm": "Captia IgM",
  "captia-igm eia": "Captia IgM",
  "captia-m confirmatory": "Captia IgM",

  "covid-19 test": "SARS-CoV-2 Testing (Testing for COVID-19)",
  "sars-cov-2 panther": "SARS-CoV-2 Testing (Testing for COVID-19)",
  "SARS AG FIA": "SARS-CoV-2 Testing (Testing for COVID-19)",
  "sars-cov-2 pcr test": "SARS-CoV-2 Testing (Testing for COVID-19)",
  "sars-cov-2 by pcr": "SARS-CoV-2 Testing (Testing for COVID-19)",
  "sars-cov-2": "SARS-CoV-2 Testing (Testing for COVID-19)",
  "sars-cov-2 rna test": "SARS-CoV-2 Testing (Testing for COVID-19)",
  "sars cov-2": "SARS-CoV-2 Testing (Testing for COVID-19)",
  "covid-19 (sars-cov-2)": "SARS-CoV-2 Testing (Testing for COVID-19)",
  "coronavirus sars-cov-2 rt-pcr": "SARS-CoV-2 Testing (Testing for COVID-19)",
  "Novel Coronavirus 2019 ANTIGEN": "SARS-CoV-2 Testing (Testing for COVID-19)",
  "novel coronavirus 2019 antigen": "SARS-CoV-2 Testing (Testing for COVID-19)",
  "sars-cov-2 ag (rapid)": "SARS-CoV-2 Testing (Testing for COVID-19)",
  "SARS-CoV-2 RNA": "SARS-CoV-2 Testing (Testing for COVID-19)",
  "covid-19 qualitative rt-pcr": "SARS-CoV-2 Testing (Testing for COVID-19)",

  "human t-lymphotropic virus types i and ii antibodies": "HTLV I/II Antibody (anti-HTLV I/II)",
  "Human T-Lymphotropic Virus": "HTLV I/II Antibody (anti-HTLV I/II)",
  "htlv-i/ii antibody test": "HTLV I/II Antibody (anti-HTLV I/II)",
  "anti htlv-i/-ii": "HTLV I/II Antibody (anti-HTLV I/II)",
  "htlv antibody test": "HTLV I/II Antibody (anti-HTLV I/II)",
  "htlv-i/ii": "HTLV I/II Antibody (anti-HTLV I/II)",
  "htlv i/ii ab": "HTLV I/II Antibody (anti-HTLV I/II)",
  "htlv i/ii (avioq)": "HTLV I/II Antibody (anti-HTLV I/II)",
  "htlv i/ii ab - automated": "HTLV I/II Antibody (anti-HTLV I/II)",
  "htlv i/ii – avioq": "HTLV I/II Antibody (anti-HTLV I/II)",
  "anti-htlv i/ii": "HTLV I/II Antibody (anti-HTLV I/II)",
  "htlv ab (alinity)": "HTLV I/II Antibody (anti-HTLV I/II)",
  "avioq anti-htlv-i/ii eia": "HTLV I/II Antibody (anti-HTLV I/II)",
  "htlv i/ii": "HTLV I/II Antibody (anti-HTLV I/II)",

  "cmv igg": "CMV IgG",
  "cytomegalovirus igg antibodies": "CMV IgG",
  "anti-cmv igg": "CMV IgG",
  "cmv igg serology": "CMV IgG",
  "cmv igg (eia)": "CMV IgG",
  "CMV IgG Ab": "CMV IgG",
  "biorad cmv igg using gsdx automation": "CMV IgG",

  "cmv igm": "CMV IgM",
  "CMV IgM Ab": "CMV IgM",
  "cytomegalovirus igm antibodies": "CMV IgM",
  "anti-cmv igm": "CMV IgM",
  "cmv igm serology": "CMV IgM",
  "cmv igm (eia)": "CMV IgM",
  "biorad cmv igm using gsdx automation": "CMV IgM",

  "cmv total ab": "CMV Total Antibody",
  "cmvtotalab": "CMV Total Antibody",
  "cmv antibody": "CMV Total Antibody",
  "anti-cmv": "CMV Total Antibody",
  "Total Cytomegalovirus (CMV)": "CMV Total Antibody",
  "Total Cytomegalovirus": "CMV Total Antibody",
  "CMV": "CMV Total Antibody",
  "Cytomegalovirus (Total)": "CMV Total Antibody",
  "Cytomegalovirus": "CMV Total Antibody",
  "Antibodies to Cytomegalovirus (CMV)": "CMV Total Antibody",

  "EBV - Epstein-Barr (EB) Virus": "EBV IgG",
  "ebv igg": "EBV IgG",
  "biorad ebv igg using gsdx automation": "EBV IgG",
  "epstein-barr virus igg antibodies": "EBV IgG",
  "Epstein-Barr Virus IgG": "EBV IgG",
  "ebv igg serology": "EBV IgG",
  "anti-ebv igg": "EBV IgG",
  "ebv igg (eia)": "EBV IgG",
  "ebv (vca) (igg)": "EBV IgG",
  "EBV-VCA IgG Ab": "EBV IgG",
  "ebv lgg (eia)": "EBV IgG",

  "ebv igm": "EBV IgM",
  "epstein-barr virus igm antibodies": "EBV IgM",
  "biorad ebv igm using gsdx automation": "EBV IgM",
  "Epstein-Barr Virus IgM": "EBV IgM",
  "ebv igm serology": "EBV IgM",
  "anti-ebv igm": "EBV IgM",
  "ebv igm (eia)": "EBV IgM",
  "ebv (vca) (igm)": "EBV IgM",
  "EBV-VCA IgM Ab": "EBV IgM",
  "ebv lgm (eia)": "EBV IgM",

  "west nile virus nucleic acid test": "WNV-NAT",
  "wnv molecular test": "WNV-NAT",
  "wnv": "WNV",
  "wnv nat": "WNV-NAT",
  "wnv pcr test": "WNV-NAT",
  "wnv-nat": "WNV-NAT",
  "Procleix West Nile Virus (WNV)": "WNV-NAT",
  "West Nile Virus RNA (PCR) NAT Detection": "WNV-NAT",
  "procleix wnv nat ids": "WNV-NAT",

  "toxo igg": "Toxoplasma IgG",
  "toxo ab igg": "Toxoplasma IgG",
  "toxoplasmosis igg": "Toxoplasma IgG",
  "anti-toxoplasma igg": "Toxoplasma IgG",
  "toxoplasma igg": "Toxoplasma IgG",
  "toxoplasma igg (eia)": "Toxoplasma IgG",
  "Toxoplasma IgG Ab": "Toxoplasma IgG",
  "Toxoplasma gondii lgG": "Toxoplasma IgG",
  "Toxoplasma gondii IgG": "Toxoplasma IgG",
  "biorad toxo igg using gsdx automation": "Toxoplasma IgG",

  "toxo igm": "Toxoplasma IgM",
  "Toxoplasma IgM Ab": "Toxoplasma IgM",
  "toxoplasmosis igm": "Toxoplasma IgM",
  "anti-toxoplasma igm": "Toxoplasma IgM",
  "toxoplasma igm": "Toxoplasma IgM",
  "Toxoplasma gondii lgM": "Toxoplasma IgM",
  "Toxoplasma gondii IgM": "Toxoplasma IgM",
  "biorad toxo igm using gsdx automation": "Toxoplasma IgM",

  "blood typing": "ABO-Rh Determination",
  "abo blood group test": "ABO-Rh Determination",
  "rh factor testing": "ABO-Rh Determination",
  "abo-rh": "ABO-Rh Determination",
  "abo/rh": "ABO-Rh Determination",
  "abo/rh - automated": "ABO-Rh Determination",
  "abo/rh - micro typing system": "ABO-Rh Determination",
  "abo rh type": "ABO-Rh Determination",
  "gel blood type": "ABO-Rh Determination",
  "serology abo": "ABO-Rh Determination",

  "abo a1 subtype": "ABO-Rh A1 Subtype",
  "a1": "ABO-Rh A1 Subtype",

  "abo a2 subtype": "ABO-Rh A2 Subtype",
  "a2": "ABO-Rh A2 Subtype",

  "chagas (eia)": "Chagas (EIA)",
  "Chagas Antibody": "Chagas (EIA)",

  "ultrio elite hiv/hcv/hbv": "Ultrio Elite HIV/HCV/HBV",
  "nat ultrio elite": "Ultrio Elite HIV/HCV/HBV",
  "procleix ultrio elite": "Ultrio Elite HIV/HCV/HBV",
  "hiv-1/2/hcv/hbv ultrio elite screen": "Ultrio Elite HIV/HCV/HBV",
  "hiv-1/hcv/hbv nat tma": "Ultrio Elite HIV/HCV/HBV",
  "hiv-1/hcv/hbv nat ultrio": "Ultrio Elite HIV/HCV/HBV",
  "hiv 1&2/hcv/hbv nat tma": "Ultrio Elite HIV/HCV/HBV",
  "hiv/hcv/hbv nat": "Ultrio Elite HIV/HCV/HBV",
  "hiv-1/hcv/hbv nat": "Ultrio Elite HIV/HCV/HBV",
  "hiv-1/hcv/hbv nat (ultrio)": "Ultrio Elite HIV/HCV/HBV",
  "hiv-1/hcv nat tma": "Ultrio Elite HIV/HCV/HBV",
  "hiv/hcv/hbc ultrio": "Ultrio Elite HIV/HCV/HBV",
  "HIV-1/2, HBV, HCV NAT": "Ultrio Elite HIV/HCV/HBV",
  "HIV 1/HCV/HBV NAT": "Ultrio Elite HIV/HCV/HBV",
  "Procleix Ultrio Elite HIV-1/HIV-2/HCV/HBV (ULTR)": "Ultrio Elite HIV/HCV/HBV",
  "Procleix Ultrio Elite HIV-1/HIV-2/HCV/HBV": "Ultrio Elite HIV/HCV/HBV",
  "HIV-1/HIV-2/HCV/HBV (ULTR)": "Ultrio Elite HIV/HCV/HBV",
  "HIV-1/HIV-2/HCV/HBV": "Ultrio Elite HIV/HCV/HBV",
  "donor hiv/hcv/hbv nat test": "Ultrio Elite HIV/HCV/HBV",
  "procleix hiv/hcv/hbv nat ids": "Ultrio Elite HIV/HCV/HBV"
}