{
    "Donor Risk Assessment Interview": "{\n    'Presence': 'Yes/No',\n    'Summary': 'Detailed summary of the topic',\n    'Pages': [list of page numbers where the topic is found]\n}\n\nUse the following example as a reference to format the output:\n\nExample 1:\n{\n    'Presence': 'Yes',\n    'Summary': 'The patient had no history of any drug usage. The patient had no history of cancer. The patient had no history of hepatitis.',\n    'Pages': [50,51,52]\n}\n\nExample 2:\n{\n    'Presence': 'No',\n    'Summary': 'NA',\n    'Pages': []\n}",

    "Donor Information": "{\n    'Presence': 'Yes/No',\n    'Summary': {NAME, AGE and GENDER JSON},\n    'Pages': [list of page numbers where the topic is found]\n}\n\nUse the following example as a reference to format the output:\n\nExample 1:\n{\n    'Presence': 'Yes',\n    'Summary': {\n        'NAME': 'John Doe',\n        'AGE': 40,\n        'GENDER': 'MALE'\n    },\n    'Pages': [50,51,52]\n}\n\nExample 2:\n{\n    'Presence': 'Yes',\n    'Summary': {\n        'NAME': 'Sharon Warren',\n        'AGE': 65,\n        'GENDER': 'FEMALE'\n    },\n    'Pages': [2,68]\n}",

    "Medical History" : "{\n    'Presence': 'Yes/No',\n    'Summary': 'Detailed summary of the topic',\n    'Pages': [list of page numbers where the topic is found]\n}\n\nUse the following example as a reference to format the output:\n\nExample 1:\n{\n    'Presence': 'Yes',\n    'Summary': 'The patient had no history of any drug usage. The patient had no history of cancer. The patient had no history of hepatitis.',\n    'Pages': [50,51,52]\n}\n\nExample 2:\n{\n    'Presence': 'No',\n    'Summary': 'NA',\n    'Pages': []\n}",

    "Mass" : "{\n    'Presence': 'POSITIVE/NEGATIVE/UNKNOWN',\n    'Summary': 'Detailed summary of the topic',\n    'Pages': [list of page numbers where the topic is found]\n}\n\nUse the following example as a reference to format the output:\n\nExample 1:\n{\n    'Presence': 'POSITIVE',\n    'Summary': 'A 3.2 cm lung mass is present in the anteromedial inferior aspect of the right middle lobe. Numerous lung nodules and fibronodular densities are also noted throughout both lungs.',\n    'Pages': [50,51,52]\n}\n\nExample 2:\n{\n    'Presence': 'NEGATIVE',\n    'Summary': 'Review of the mediastinum and soft tissue windows demonstrates no evidence for mass or significant size lymphadenopathy. Hence, no abnormal mass found.',\n    'Pages': [34,35]\n}\n\nExample 3:\n{\n    'Presence': 'UNKNOWN',\n    'Summary': 'NA',\n    'Pages': []\n}",

    "Organ Transplant Recipient" : "{\n    'Presence': 'POSITIVE/NEGATIVE/UNKNOWN',\n    'Summary': 'Detailed summary of the topic',\n    'Pages': [list of page numbers where the topic is found]\n}\n\nUse the following example as a reference to format the output:\n\nExample 1:\n{\n    'Presence': 'POSITIVE',\n    'Summary': 'The patient had gone through kidney transplant due to end-stage renal disease and received pig skin into his hernia.',\n    'Pages': [50,51,52]\n}\n\nExample 2:\n{\n    'Presence': 'NEGATIVE',\n    'Summary': 'The patient has never gone through any organ transplant procedures.',\n    'Pages': [30,31]\n}\n\nExample 3:\n{\n    'Presence': 'UNKNOWN',\n    'Summary': 'NA',\n    'Pages': []\n}"
}
