{
    "Donor Risk Assessment Interview": "- Carefully go through the questions and the answers to the questions. The answers are printed separately.\n- Do not assume the questions to be statements and do not return your answer based only on the Question. Check for the answers to each question.\n- The questions for which the answer is YES has to be always summarized and returned in the output.\n- If the topic is not found, return:\n{\n    'Presence': 'No',\n    'Summary': 'NA',\n    'Pages': []\n}",

    "Donor Information": "- You must return the Name, Age and Gender of the donor in the JSON format described below.\n- If none of the fields amongst Name, Age and Gender are present in the context, you should return:\n{\n    'Presence': 'No',\n    'Summary': 'NA',\n    'Pages': []\n}",

    "Medical History": "- - Summarize the provided medical history by identifying and extracting key information related to the following sections:\n- Chief Complaint\n- Physical Examination\n- History of Present Illness \n- Past Medical History n- Family History \n- Social History\n- Surgery History \n- Medications (both during hospital stay and home medications) and their dosage and frequency\n- Detailed Assessment and Plan, Lab Results and Test Reports.\n- If tests were conducted, summarize their results.\n- Allergies.\n- Also, incorporate any other relevant information that contributes to a comprehensive understanding of the patient's condition and treatment, while not strictly adhering to these predefined sections.\n- The start of the medical history can be indicated by the mention of a fax transmission from the respective hospital/health care centre. Be as detailed as possible and make sure no relevant information is not being extracted or summarized.\n- If the topic Medical History is not found, return:\n{\n    'Presence': 'No',\n    'Summary': 'NA',\n    'Pages': []\n}",

    "Mass": "- Only if there is any abnormal mass present, you should return Presence: POSITIVE.\n- Only if it's explicitly mentioned in the context that there was no abnormal mass etc. found, you should return Presence: NEGATIVE.\n- If there is no information on any abnormal mass etc., you should return:\n{\n    'Presence': 'UNKNOWN',\n    'Summary': 'NA',\n    'Pages': []\n}",
    
    "Organ Transplant Recipient": "- Carefully extract information around donor receiving any organ transplant (e.g., skin, kidney etc.) and summarize it.\n- If and only if there is NO information on donor receiving organs through organ transplant during his/her life, you should return 'Presence': 'UNKNOWN', 'Summary': 'NA' and 'Pages': []\n- If it's mentioned that donor was a recipient of any organ transplant during his/her life, you should return 'Presence': 'POSITIVE', 'Summary': '<appropriate summary>' and 'Pages': [relvant pages numbers].\n- Only if it's explicitly mentioned that donor was never a recipient of any organ transplant during his/her life, you should return 'Presence': 'NEGATIVE' , 'Summary': '<appropriate summary>' and 'Pages': [relvant pages numbers]"
}